plot_id,date_dir,trial_dir,file_path,date,sample_id
1,Sampling_06_24_2023,Garden_Plots,Garden_Plots\Sampling_06_24_2023\01\01.las,06_24_2023,gp_01_06_24_2023
2,Sampling_06_24_2023,Garden_Plots,Garden_Plots\Sampling_06_24_2023\02\02.las,06_24_2023,gp_02_06_24_2023
3,Sampling_06_24_2023,Garden_Plots,Garden_Plots\Sampling_06_24_2023\03\03.las,06_24_2023,gp_03_06_24_2023
4,Sampling_06_24_2023,Garden_Plots,Garden_Plots\Sampling_06_24_2023\04\04.las,06_24_2023,gp_04_06_24_2023
5,Sampling_06_24_2023,Garden_Plots,Garden_Plots\Sampling_06_24_2023\05\05.las,06_24_2023,gp_05_06_24_2023
6,Sampling_06_24_2023,Garden_Plots,Garden_Plots\Sampling_06_24_2023\06\06.las,06_24_2023,gp_06_06_24_2023
7,Sampling_06_24_2023,Garden_Plots,Garden_Plots\Sampling_06_24_2023\07\07.las,06_24_2023,gp_07_06_24_2023
8,Sampling_06_24_2023,Garden_Plots,Garden_Plots\Sampling_06_24_2023\08\08.las,06_24_2023,gp_08_06_24_2023
9,Sampling_06_24_2023,Garden_Plots,Garden_Plots\Sampling_06_24_2023\09\09.las,06_24_2023,gp_09_06_24_2023
10,Sampling_06_24_2023,Garden_Plots,Garden_Plots\Sampling_06_24_2023\10\10.las,06_24_2023,gp_10_06_24_2023
11,Sampling_06_24_2023,Garden_Plots,Garden_Plots\Sampling_06_24_2023\11\11.las,06_24_2023,gp_11_06_24_2023
12,Sampling_06_24_2023,Garden_Plots,Garden_Plots\Sampling_06_24_2023\12\12.las,06_24_2023,gp_12_06_24_2023
13,Sampling_06_24_2023,Garden_Plots,Garden_Plots\Sampling_06_24_2023\13\13.las,06_24_2023,gp_13_06_24_2023
14,Sampling_06_24_2023,Garden_Plots,Garden_Plots\Sampling_06_24_2023\14\14.las,06_24_2023,gp_14_06_24_2023
15,Sampling_06_24_2023,Garden_Plots,Garden_Plots\Sampling_06_24_2023\15\15.las,06_24_2023,gp_15_06_24_2023
16,Sampling_06_24_2023,Garden_Plots,Garden_Plots\Sampling_06_24_2023\16\16.las,06_24_2023,gp_16_06_24_2023
17,Sampling_06_24_2023,Garden_Plots,Garden_Plots\Sampling_06_24_2023\17\17.las,06_24_2023,gp_17_06_24_2023
18,Sampling_06_24_2023,Garden_Plots,Garden_Plots\Sampling_06_24_2023\18\18.las,06_24_2023,gp_18_06_24_2023
19,Sampling_06_24_2023,Garden_Plots,Garden_Plots\Sampling_06_24_2023\19\19.las,06_24_2023,gp_19_06_24_2023
20,Sampling_06_24_2023,Garden_Plots,Garden_Plots\Sampling_06_24_2023\20\20.las,06_24_2023,gp_20_06_24_2023
21,Sampling_06_24_2023,Garden_Plots,Garden_Plots\Sampling_06_24_2023\21\21.las,06_24_2023,gp_21_06_24_2023
22,Sampling_06_24_2023,Garden_Plots,Garden_Plots\Sampling_06_24_2023\22\22.las,06_24_2023,gp_22_06_24_2023
23,Sampling_06_24_2023,Garden_Plots,Garden_Plots\Sampling_06_24_2023\23\23.las,06_24_2023,gp_23_06_24_2023
24,Sampling_06_24_2023,Garden_Plots,Garden_Plots\Sampling_06_24_2023\24\24.las,06_24_2023,gp_24_06_24_2023
18,Sampling_07_07_2023,Garden_Plots,Garden_Plots\Sampling_07_07_2023\18\18.las,07_07_2023,gp_18_07_07_2023
21,Sampling_07_07_2023,Garden_Plots,Garden_Plots\Sampling_07_07_2023\21\21.las,07_07_2023,gp_21_07_07_2023
22,Sampling_07_07_2023,Garden_Plots,Garden_Plots\Sampling_07_07_2023\22\22.las,07_07_2023,gp_22_07_07_2023
24,Sampling_07_07_2023,Garden_Plots,Garden_Plots\Sampling_07_07_2023\24\24.las,07_07_2023,gp_24_07_07_2023
1,Sampling_08_02_2023,Garden_Plots,Garden_Plots\Sampling_08_02_2023\01\01.las,08_02_2023,gp_01_08_02_2023
3,Sampling_08_02_2023,Garden_Plots,Garden_Plots\Sampling_08_02_2023\03\03.las,08_02_2023,gp_03_08_02_2023
4,Sampling_08_02_2023,Garden_Plots,Garden_Plots\Sampling_08_02_2023\04\04.las,08_02_2023,gp_04_08_02_2023
5,Sampling_08_02_2023,Garden_Plots,Garden_Plots\Sampling_08_02_2023\05\05.las,08_02_2023,gp_05_08_02_2023
6,Sampling_08_02_2023,Garden_Plots,Garden_Plots\Sampling_08_02_2023\06\06.las,08_02_2023,gp_06_08_02_2023
7,Sampling_08_02_2023,Garden_Plots,Garden_Plots\Sampling_08_02_2023\07\07.las,08_02_2023,gp_07_08_02_2023
8,Sampling_08_02_2023,Garden_Plots,Garden_Plots\Sampling_08_02_2023\08\08.las,08_02_2023,gp_08_08_02_2023
10,Sampling_08_02_2023,Garden_Plots,Garden_Plots\Sampling_08_02_2023\10\10.las,08_02_2023,gp_10_08_02_2023
11,Sampling_08_02_2023,Garden_Plots,Garden_Plots\Sampling_08_02_2023\11\11.las,08_02_2023,gp_11_08_02_2023
13,Sampling_08_02_2023,Garden_Plots,Garden_Plots\Sampling_08_02_2023\13\13.las,08_02_2023,gp_13_08_02_2023
14,Sampling_08_02_2023,Garden_Plots,Garden_Plots\Sampling_08_02_2023\14\14.las,08_02_2023,gp_14_08_02_2023
16,Sampling_08_02_2023,Garden_Plots,Garden_Plots\Sampling_08_02_2023\16\16.las,08_02_2023,gp_16_08_02_2023
17,Sampling_08_02_2023,Garden_Plots,Garden_Plots\Sampling_08_02_2023\17\17.las,08_02_2023,gp_17_08_02_2023
19,Sampling_08_02_2023,Garden_Plots,Garden_Plots\Sampling_08_02_2023\19\19.las,08_02_2023,gp_19_08_02_2023
20,Sampling_08_02_2023,Garden_Plots,Garden_Plots\Sampling_08_02_2023\20\20.las,08_02_2023,gp_20_08_02_2023
23,Sampling_08_02_2023,Garden_Plots,Garden_Plots\Sampling_08_02_2023\23\23.las,08_02_2023,gp_23_08_02_2023
1,Sampling_08_12_2023,Garden_Plots,Garden_Plots\Sampling_08_12_2023\01\01.las,08_12_2023,gp_01_08_12_2023
3,Sampling_08_12_2023,Garden_Plots,Garden_Plots\Sampling_08_12_2023\03\03.las,08_12_2023,gp_03_08_12_2023
4,Sampling_08_12_2023,Garden_Plots,Garden_Plots\Sampling_08_12_2023\04\04.las,08_12_2023,gp_04_08_12_2023
5,Sampling_08_12_2023,Garden_Plots,Garden_Plots\Sampling_08_12_2023\05\05.las,08_12_2023,gp_05_08_12_2023
6,Sampling_08_12_2023,Garden_Plots,Garden_Plots\Sampling_08_12_2023\06\06.las,08_12_2023,gp_06_08_12_2023
10,Sampling_08_12_2023,Garden_Plots,Garden_Plots\Sampling_08_12_2023\10\10.las,08_12_2023,gp_10_08_12_2023
11,Sampling_08_12_2023,Garden_Plots,Garden_Plots\Sampling_08_12_2023\11\11.las,08_12_2023,gp_11_08_12_2023
16,Sampling_08_12_2023,Garden_Plots,Garden_Plots\Sampling_08_12_2023\16\16.las,08_12_2023,gp_16_08_12_2023
19,Sampling_08_12_2023,Garden_Plots,Garden_Plots\Sampling_08_12_2023\19\19.las,08_12_2023,gp_19_08_12_2023
20,Sampling_08_12_2023,Garden_Plots,Garden_Plots\Sampling_08_12_2023\20\20.las,08_12_2023,gp_20_08_12_2023
23,Sampling_08_12_2023,Garden_Plots,Garden_Plots\Sampling_08_12_2023\23\23.las,08_12_2023,gp_23_08_12_2023
1,Sampling_08_25_2023,Garden_Plots,Garden_Plots\Sampling_08_25_2023\01\01.las,08_25_2023,gp_01_08_25_2023
3,Sampling_08_25_2023,Garden_Plots,Garden_Plots\Sampling_08_25_2023\03\03.las,08_25_2023,gp_03_08_25_2023
4,Sampling_08_25_2023,Garden_Plots,Garden_Plots\Sampling_08_25_2023\04\04.las,08_25_2023,gp_04_08_25_2023
5,Sampling_08_25_2023,Garden_Plots,Garden_Plots\Sampling_08_25_2023\05\05.las,08_25_2023,gp_05_08_25_2023
6,Sampling_08_25_2023,Garden_Plots,Garden_Plots\Sampling_08_25_2023\06\06.las,08_25_2023,gp_06_08_25_2023
10,Sampling_08_25_2023,Garden_Plots,Garden_Plots\Sampling_08_25_2023\10\10.las,08_25_2023,gp_10_08_25_2023
11,Sampling_08_25_2023,Garden_Plots,Garden_Plots\Sampling_08_25_2023\11\11.las,08_25_2023,gp_11_08_25_2023
16,Sampling_08_25_2023,Garden_Plots,Garden_Plots\Sampling_08_25_2023\16\16.las,08_25_2023,gp_16_08_25_2023
19,Sampling_08_25_2023,Garden_Plots,Garden_Plots\Sampling_08_25_2023\19\19.las,08_25_2023,gp_19_08_25_2023
20,Sampling_08_25_2023,Garden_Plots,Garden_Plots\Sampling_08_25_2023\20\20.las,08_25_2023,gp_20_08_25_2023
23,Sampling_08_25_2023,Garden_Plots,Garden_Plots\Sampling_08_25_2023\23\23.las,08_25_2023,gp_23_08_25_2023
5,Sampling_09_01_2023,Garden_Plots,Garden_Plots\Sampling_09_01_2023\05\05.las,09_01_2023,gp_05_09_01_2023
6,Sampling_09_01_2023,Garden_Plots,Garden_Plots\Sampling_09_01_2023\06\06.las,09_01_2023,gp_06_09_01_2023
19,Sampling_09_01_2023,Garden_Plots,Garden_Plots\Sampling_09_01_2023\19\19.las,09_01_2023,gp_19_09_01_2023
1,Sampling_09_07_2023,Garden_Plots,Garden_Plots\Sampling_09_07_2023\01\01.las,09_07_2023,gp_01_09_07_2023
3,Sampling_09_07_2023,Garden_Plots,Garden_Plots\Sampling_09_07_2023\03\03.las,09_07_2023,gp_03_09_07_2023
4,Sampling_09_07_2023,Garden_Plots,Garden_Plots\Sampling_09_07_2023\04\04.las,09_07_2023,gp_04_09_07_2023
10,Sampling_09_07_2023,Garden_Plots,Garden_Plots\Sampling_09_07_2023\10\10.las,09_07_2023,gp_10_09_07_2023
11,Sampling_09_07_2023,Garden_Plots,Garden_Plots\Sampling_09_07_2023\11\11.las,09_07_2023,gp_11_09_07_2023
16,Sampling_09_07_2023,Garden_Plots,Garden_Plots\Sampling_09_07_2023\16\16.las,09_07_2023,gp_16_09_07_2023
20,Sampling_09_07_2023,Garden_Plots,Garden_Plots\Sampling_09_07_2023\20\20.las,09_07_2023,gp_20_09_07_2023
23,Sampling_09_07_2023,Garden_Plots,Garden_Plots\Sampling_09_07_2023\23\23.las,09_07_2023,gp_23_09_07_2023
10,Sampling_09_14_2023,Garden_Plots,Garden_Plots\Sampling_09_14_2023\10\10.las,09_14_2023,gp_10_09_14_2023
11,Sampling_09_14_2023,Garden_Plots,Garden_Plots\Sampling_09_14_2023\11\11.las,09_14_2023,gp_11_09_14_2023
1,Sampling_09_20_2023,Garden_Plots,Garden_Plots\Sampling_09_20_2023\01\01.las,09_20_2023,gp_01_09_20_2023
3,Sampling_09_20_2023,Garden_Plots,Garden_Plots\Sampling_09_20_2023\03\03.las,09_20_2023,gp_03_09_20_2023
4,Sampling_09_20_2023,Garden_Plots,Garden_Plots\Sampling_09_20_2023\04\04.las,09_20_2023,gp_04_09_20_2023
16,Sampling_09_20_2023,Garden_Plots,Garden_Plots\Sampling_09_20_2023\16\16.las,09_20_2023,gp_16_09_20_2023
20,Sampling_09_20_2023,Garden_Plots,Garden_Plots\Sampling_09_20_2023\20\20.las,09_20_2023,gp_20_09_20_2023
23,Sampling_09_20_2023,Garden_Plots,Garden_Plots\Sampling_09_20_2023\23\23.las,09_20_2023,gp_23_09_20_2023
20,Sampling_10_02_2023,Garden_Plots,Garden_Plots\Sampling_10_02_2023\20\20.las,10_02_2023,gp_20_10_02_2023
1,Sampling_10_04_2023,Garden_Plots,Garden_Plots\Sampling_10_04_2023\01\01.las,10_04_2023,gp_01_10_04_2023
3,Sampling_10_04_2023,Garden_Plots,Garden_Plots\Sampling_10_04_2023\03\03.las,10_04_2023,gp_03_10_04_2023
4,Sampling_10_04_2023,Garden_Plots,Garden_Plots\Sampling_10_04_2023\04\04.las,10_04_2023,gp_04_10_04_2023
16,Sampling_10_04_2023,Garden_Plots,Garden_Plots\Sampling_10_04_2023\16\16.las,10_04_2023,gp_16_10_04_2023
R1C4,Sampling_06_22_2023,Pepper_Variety_Trial,Pepper_Variety_Trial\Sampling_06_22_2023\R1C4\R1C4.las,06_22_2023,pv_R1C4_06_22_2023
R1C41,Sampling_06_22_2023,Pepper_Variety_Trial,Pepper_Variety_Trial\Sampling_06_22_2023\R1C41\R1C41.las,06_22_2023,pv_R1C41_06_22_2023
R1C42,Sampling_06_22_2023,Pepper_Variety_Trial,Pepper_Variety_Trial\Sampling_06_22_2023\R1C42\R1C42.las,06_22_2023,pv_R1C42_06_22_2023
R1C43,Sampling_06_22_2023,Pepper_Variety_Trial,Pepper_Variety_Trial\Sampling_06_22_2023\R1C43\R1C43.las,06_22_2023,pv_R1C43_06_22_2023
R1C44,Sampling_06_22_2023,Pepper_Variety_Trial,Pepper_Variety_Trial\Sampling_06_22_2023\R1C44\R1C44.las,06_22_2023,pv_R1C44_06_22_2023
R1C45,Sampling_06_22_2023,Pepper_Variety_Trial,Pepper_Variety_Trial\Sampling_06_22_2023\R1C45\R1C45.las,06_22_2023,pv_R1C45_06_22_2023
R1C7,Sampling_06_22_2023,Pepper_Variety_Trial,Pepper_Variety_Trial\Sampling_06_22_2023\R1C7\R1C7.las,06_22_2023,pv_R1C7_06_22_2023
R1C71,Sampling_06_22_2023,Pepper_Variety_Trial,Pepper_Variety_Trial\Sampling_06_22_2023\R1C71\R1C71.las,06_22_2023,pv_R1C71_06_22_2023
R1C72,Sampling_06_22_2023,Pepper_Variety_Trial,Pepper_Variety_Trial\Sampling_06_22_2023\R1C72\R1C72.las,06_22_2023,pv_R1C72_06_22_2023
R1C73,Sampling_06_22_2023,Pepper_Variety_Trial,Pepper_Variety_Trial\Sampling_06_22_2023\R1C73\R1C73.las,06_22_2023,pv_R1C73_06_22_2023
R1C74,Sampling_06_22_2023,Pepper_Variety_Trial,Pepper_Variety_Trial\Sampling_06_22_2023\R1C74\R1C74.las,06_22_2023,pv_R1C74_06_22_2023
R1C75,Sampling_06_22_2023,Pepper_Variety_Trial,Pepper_Variety_Trial\Sampling_06_22_2023\R1C75\R1C75.las,06_22_2023,pv_R1C75_06_22_2023
R2C4,Sampling_06_22_2023,Pepper_Variety_Trial,Pepper_Variety_Trial\Sampling_06_22_2023\R2C4\R2C4.las,06_22_2023,pv_R2C4_06_22_2023
R2C41,Sampling_06_22_2023,Pepper_Variety_Trial,Pepper_Variety_Trial\Sampling_06_22_2023\R2C41\R2C41.las,06_22_2023,pv_R2C41_06_22_2023
R2C42,Sampling_06_22_2023,Pepper_Variety_Trial,Pepper_Variety_Trial\Sampling_06_22_2023\R2C42\R2C42.las,06_22_2023,pv_R2C42_06_22_2023
R2C43,Sampling_06_22_2023,Pepper_Variety_Trial,Pepper_Variety_Trial\Sampling_06_22_2023\R2C43\R2C43.las,06_22_2023,pv_R2C43_06_22_2023
R2C44,Sampling_06_22_2023,Pepper_Variety_Trial,Pepper_Variety_Trial\Sampling_06_22_2023\R2C44\R2C44.las,06_22_2023,pv_R2C44_06_22_2023
R2C45,Sampling_06_22_2023,Pepper_Variety_Trial,Pepper_Variety_Trial\Sampling_06_22_2023\R2C45\R2C45.las,06_22_2023,pv_R2C45_06_22_2023
R2C7,Sampling_06_22_2023,Pepper_Variety_Trial,Pepper_Variety_Trial\Sampling_06_22_2023\R2C7\R2C7.las,06_22_2023,pv_R2C7_06_22_2023
R2C71,Sampling_06_22_2023,Pepper_Variety_Trial,Pepper_Variety_Trial\Sampling_06_22_2023\R2C71\R2C71.las,06_22_2023,pv_R2C71_06_22_2023
R2C72,Sampling_06_22_2023,Pepper_Variety_Trial,Pepper_Variety_Trial\Sampling_06_22_2023\R2C72\R2C72.las,06_22_2023,pv_R2C72_06_22_2023
R2C73,Sampling_06_22_2023,Pepper_Variety_Trial,Pepper_Variety_Trial\Sampling_06_22_2023\R2C73\R2C73.las,06_22_2023,pv_R2C73_06_22_2023
R2C74,Sampling_06_22_2023,Pepper_Variety_Trial,Pepper_Variety_Trial\Sampling_06_22_2023\R2C74\R2C74.las,06_22_2023,pv_R2C74_06_22_2023
R2C75,Sampling_06_22_2023,Pepper_Variety_Trial,Pepper_Variety_Trial\Sampling_06_22_2023\R2C75\R2C75.las,06_22_2023,pv_R2C75_06_22_2023
R3C4,Sampling_06_22_2023,Pepper_Variety_Trial,Pepper_Variety_Trial\Sampling_06_22_2023\R3C4\R3C4.las,06_22_2023,pv_R3C4_06_22_2023
R3C41,Sampling_06_22_2023,Pepper_Variety_Trial,Pepper_Variety_Trial\Sampling_06_22_2023\R3C41\R3C41.las,06_22_2023,pv_R3C41_06_22_2023
R3C42,Sampling_06_22_2023,Pepper_Variety_Trial,Pepper_Variety_Trial\Sampling_06_22_2023\R3C42\R3C42.las,06_22_2023,pv_R3C42_06_22_2023
R3C43,Sampling_06_22_2023,Pepper_Variety_Trial,Pepper_Variety_Trial\Sampling_06_22_2023\R3C43\R3C43.las,06_22_2023,pv_R3C43_06_22_2023
R3C44,Sampling_06_22_2023,Pepper_Variety_Trial,Pepper_Variety_Trial\Sampling_06_22_2023\R3C44\R3C44.las,06_22_2023,pv_R3C44_06_22_2023
R3C45,Sampling_06_22_2023,Pepper_Variety_Trial,Pepper_Variety_Trial\Sampling_06_22_2023\R3C45\R3C45.las,06_22_2023,pv_R3C45_06_22_2023
R3C7,Sampling_06_22_2023,Pepper_Variety_Trial,Pepper_Variety_Trial\Sampling_06_22_2023\R3C7\R3C7.las,06_22_2023,pv_R3C7_06_22_2023
R3C71,Sampling_06_22_2023,Pepper_Variety_Trial,Pepper_Variety_Trial\Sampling_06_22_2023\R3C71\R3C71.las,06_22_2023,pv_R3C71_06_22_2023
R3C72,Sampling_06_22_2023,Pepper_Variety_Trial,Pepper_Variety_Trial\Sampling_06_22_2023\R3C72\R3C72.las,06_22_2023,pv_R3C72_06_22_2023
R3C73,Sampling_06_22_2023,Pepper_Variety_Trial,Pepper_Variety_Trial\Sampling_06_22_2023\R3C73\R3C73.las,06_22_2023,pv_R3C73_06_22_2023
R3C74,Sampling_06_22_2023,Pepper_Variety_Trial,Pepper_Variety_Trial\Sampling_06_22_2023\R3C74\R3C74.las,06_22_2023,pv_R3C74_06_22_2023
R3C75,Sampling_06_22_2023,Pepper_Variety_Trial,Pepper_Variety_Trial\Sampling_06_22_2023\R3C75\R3C75.las,06_22_2023,pv_R3C75_06_22_2023
R4C4,Sampling_06_22_2023,Pepper_Variety_Trial,Pepper_Variety_Trial\Sampling_06_22_2023\R4C4\R4C4.las,06_22_2023,pv_R4C4_06_22_2023
R4C41,Sampling_06_22_2023,Pepper_Variety_Trial,Pepper_Variety_Trial\Sampling_06_22_2023\R4C41\R4C41.las,06_22_2023,pv_R4C41_06_22_2023
R4C42,Sampling_06_22_2023,Pepper_Variety_Trial,Pepper_Variety_Trial\Sampling_06_22_2023\R4C42\R4C42.las,06_22_2023,pv_R4C42_06_22_2023
R4C43,Sampling_06_22_2023,Pepper_Variety_Trial,Pepper_Variety_Trial\Sampling_06_22_2023\R4C43\R4C43.las,06_22_2023,pv_R4C43_06_22_2023
R4C44,Sampling_06_22_2023,Pepper_Variety_Trial,Pepper_Variety_Trial\Sampling_06_22_2023\R4C44\R4C44.las,06_22_2023,pv_R4C44_06_22_2023
R4C45,Sampling_06_22_2023,Pepper_Variety_Trial,Pepper_Variety_Trial\Sampling_06_22_2023\R4C45\R4C45.las,06_22_2023,pv_R4C45_06_22_2023
R4C7,Sampling_06_22_2023,Pepper_Variety_Trial,Pepper_Variety_Trial\Sampling_06_22_2023\R4C7\R4C7.las,06_22_2023,pv_R4C7_06_22_2023
R4C71,Sampling_06_22_2023,Pepper_Variety_Trial,Pepper_Variety_Trial\Sampling_06_22_2023\R4C71\R4C71.las,06_22_2023,pv_R4C71_06_22_2023
R4C72,Sampling_06_22_2023,Pepper_Variety_Trial,Pepper_Variety_Trial\Sampling_06_22_2023\R4C72\R4C72.las,06_22_2023,pv_R4C72_06_22_2023
R4C73,Sampling_06_22_2023,Pepper_Variety_Trial,Pepper_Variety_Trial\Sampling_06_22_2023\R4C73\R4C73.las,06_22_2023,pv_R4C73_06_22_2023
R4C74,Sampling_06_22_2023,Pepper_Variety_Trial,Pepper_Variety_Trial\Sampling_06_22_2023\R4C74\R4C74.las,06_22_2023,pv_R4C74_06_22_2023
R4C75,Sampling_06_22_2023,Pepper_Variety_Trial,Pepper_Variety_Trial\Sampling_06_22_2023\R4C75\R4C75.las,06_22_2023,pv_R4C75_06_22_2023
R1C4,Sampling_07_04_2023,Pepper_Variety_Trial,Pepper_Variety_Trial\Sampling_07_04_2023\R1C4\R1C4.las,07_04_2023,pv_R1C4_07_04_2023
R1C7,Sampling_07_04_2023,Pepper_Variety_Trial,Pepper_Variety_Trial\Sampling_07_04_2023\R1C7\R1C7.las,07_04_2023,pv_R1C7_07_04_2023
R2C4,Sampling_07_04_2023,Pepper_Variety_Trial,Pepper_Variety_Trial\Sampling_07_04_2023\R2C4\R2C4.las,07_04_2023,pv_R2C4_07_04_2023
R2C7,Sampling_07_04_2023,Pepper_Variety_Trial,Pepper_Variety_Trial\Sampling_07_04_2023\R2C7\R2C7.las,07_04_2023,pv_R2C7_07_04_2023
R3C4,Sampling_07_04_2023,Pepper_Variety_Trial,Pepper_Variety_Trial\Sampling_07_04_2023\R3C4\R3C4.las,07_04_2023,pv_R3C4_07_04_2023
R3C7,Sampling_07_04_2023,Pepper_Variety_Trial,Pepper_Variety_Trial\Sampling_07_04_2023\R3C7\R3C7.las,07_04_2023,pv_R3C7_07_04_2023
R4C4,Sampling_07_04_2023,Pepper_Variety_Trial,Pepper_Variety_Trial\Sampling_07_04_2023\R4C4\R4C4.las,07_04_2023,pv_R4C4_07_04_2023
R4C7,Sampling_07_04_2023,Pepper_Variety_Trial,Pepper_Variety_Trial\Sampling_07_04_2023\R4C7\R4C7.las,07_04_2023,pv_R4C7_07_04_2023
R1C4,Sampling_07_21_2023,Pepper_Variety_Trial,Pepper_Variety_Trial\Sampling_07_21_2023\R1C4\R1C4.las,07_21_2023,pv_R1C4_07_21_2023
R1C7,Sampling_07_21_2023,Pepper_Variety_Trial,Pepper_Variety_Trial\Sampling_07_21_2023\R1C7\R1C7.las,07_21_2023,pv_R1C7_07_21_2023
R2C4,Sampling_07_21_2023,Pepper_Variety_Trial,Pepper_Variety_Trial\Sampling_07_21_2023\R2C4\R2C4.las,07_21_2023,pv_R2C4_07_21_2023
R2C7,Sampling_07_21_2023,Pepper_Variety_Trial,Pepper_Variety_Trial\Sampling_07_21_2023\R2C7\R2C7.las,07_21_2023,pv_R2C7_07_21_2023
R3C4,Sampling_07_21_2023,Pepper_Variety_Trial,Pepper_Variety_Trial\Sampling_07_21_2023\R3C4\R3C4.las,07_21_2023,pv_R3C4_07_21_2023
R3C7,Sampling_07_21_2023,Pepper_Variety_Trial,Pepper_Variety_Trial\Sampling_07_21_2023\R3C7\R3C7.las,07_21_2023,pv_R3C7_07_21_2023
R4C4,Sampling_07_21_2023,Pepper_Variety_Trial,Pepper_Variety_Trial\Sampling_07_21_2023\R4C4\R4C4.las,07_21_2023,pv_R4C4_07_21_2023
R4C7,Sampling_07_21_2023,Pepper_Variety_Trial,Pepper_Variety_Trial\Sampling_07_21_2023\R4C7\R4C7.las,07_21_2023,pv_R4C7_07_21_2023
R1C4,Sampling_08_12_2023,Pepper_Variety_Trial,Pepper_Variety_Trial\Sampling_08_12_2023\R1C4\R1C4.las,08_12_2023,pv_R1C4_08_12_2023
R1C7,Sampling_08_12_2023,Pepper_Variety_Trial,Pepper_Variety_Trial\Sampling_08_12_2023\R1C7\R1C7.las,08_12_2023,pv_R1C7_08_12_2023
R2C4,Sampling_08_12_2023,Pepper_Variety_Trial,Pepper_Variety_Trial\Sampling_08_12_2023\R2C4\R2C4.las,08_12_2023,pv_R2C4_08_12_2023
R2C7,Sampling_08_12_2023,Pepper_Variety_Trial,Pepper_Variety_Trial\Sampling_08_12_2023\R2C7\R2C7.las,08_12_2023,pv_R2C7_08_12_2023
R3C4,Sampling_08_12_2023,Pepper_Variety_Trial,Pepper_Variety_Trial\Sampling_08_12_2023\R3C4\R3C4.las,08_12_2023,pv_R3C4_08_12_2023
R3C7,Sampling_08_12_2023,Pepper_Variety_Trial,Pepper_Variety_Trial\Sampling_08_12_2023\R3C7\R3C7.las,08_12_2023,pv_R3C7_08_12_2023
R4C4,Sampling_08_12_2023,Pepper_Variety_Trial,Pepper_Variety_Trial\Sampling_08_12_2023\R4C4\R4C4.las,08_12_2023,pv_R4C4_08_12_2023
R4C7,Sampling_08_12_2023,Pepper_Variety_Trial,Pepper_Variety_Trial\Sampling_08_12_2023\R4C7\R4C7.las,08_12_2023,pv_R4C7_08_12_2023
R1C4,Sampling_08_26_2023,Pepper_Variety_Trial,Pepper_Variety_Trial\Sampling_08_26_2023\R1C4\R1C4.las,08_26_2023,pv_R1C4_08_26_2023
R1C7,Sampling_08_26_2023,Pepper_Variety_Trial,Pepper_Variety_Trial\Sampling_08_26_2023\R1C7\R1C7.las,08_26_2023,pv_R1C7_08_26_2023
R2C4,Sampling_08_26_2023,Pepper_Variety_Trial,Pepper_Variety_Trial\Sampling_08_26_2023\R2C4\R2C4.las,08_26_2023,pv_R2C4_08_26_2023
R2C7,Sampling_08_26_2023,Pepper_Variety_Trial,Pepper_Variety_Trial\Sampling_08_26_2023\R2C7\R2C7.las,08_26_2023,pv_R2C7_08_26_2023
R3C4,Sampling_08_26_2023,Pepper_Variety_Trial,Pepper_Variety_Trial\Sampling_08_26_2023\R3C4\R3C4.las,08_26_2023,pv_R3C4_08_26_2023
R3C7,Sampling_08_26_2023,Pepper_Variety_Trial,Pepper_Variety_Trial\Sampling_08_26_2023\R3C7\R3C7.las,08_26_2023,pv_R3C7_08_26_2023
R4C4,Sampling_08_26_2023,Pepper_Variety_Trial,Pepper_Variety_Trial\Sampling_08_26_2023\R4C4\R4C4.las,08_26_2023,pv_R4C4_08_26_2023
R4C7,Sampling_08_26_2023,Pepper_Variety_Trial,Pepper_Variety_Trial\Sampling_08_26_2023\R4C7\R4C7.las,08_26_2023,pv_R4C7_08_26_2023
R1C4,Sampling_09_08_2023,Pepper_Variety_Trial,Pepper_Variety_Trial\Sampling_09_08_2023\R1C4\R1C4.las,09_08_2023,pv_R1C4_09_08_2023
R1C7,Sampling_09_08_2023,Pepper_Variety_Trial,Pepper_Variety_Trial\Sampling_09_08_2023\R1C7\R1C7.las,09_08_2023,pv_R1C7_09_08_2023
R2C4,Sampling_09_08_2023,Pepper_Variety_Trial,Pepper_Variety_Trial\Sampling_09_08_2023\R2C4\R2C4.las,09_08_2023,pv_R2C4_09_08_2023
R2C7,Sampling_09_08_2023,Pepper_Variety_Trial,Pepper_Variety_Trial\Sampling_09_08_2023\R2C7\R2C7.las,09_08_2023,pv_R2C7_09_08_2023
R3C4,Sampling_09_08_2023,Pepper_Variety_Trial,Pepper_Variety_Trial\Sampling_09_08_2023\R3C4\R3C4.las,09_08_2023,pv_R3C4_09_08_2023
R3C7,Sampling_09_08_2023,Pepper_Variety_Trial,Pepper_Variety_Trial\Sampling_09_08_2023\R3C7\R3C7.las,09_08_2023,pv_R3C7_09_08_2023
R4C4,Sampling_09_08_2023,Pepper_Variety_Trial,Pepper_Variety_Trial\Sampling_09_08_2023\R4C4\R4C4.las,09_08_2023,pv_R4C4_09_08_2023
R4C7,Sampling_09_08_2023,Pepper_Variety_Trial,Pepper_Variety_Trial\Sampling_09_08_2023\R4C7\R4C7.las,09_08_2023,pv_R4C7_09_08_2023
R1C4,Sampling_09_21_2023,Pepper_Variety_Trial,Pepper_Variety_Trial\Sampling_09_21_2023\R1C4\R1C4.las,09_21_2023,pv_R1C4_09_21_2023
R1C7,Sampling_09_21_2023,Pepper_Variety_Trial,Pepper_Variety_Trial\Sampling_09_21_2023\R1C7\R1C7.las,09_21_2023,pv_R1C7_09_21_2023
R2C4,Sampling_09_21_2023,Pepper_Variety_Trial,Pepper_Variety_Trial\Sampling_09_21_2023\R2C4\R2C4.las,09_21_2023,pv_R2C4_09_21_2023
R2C7,Sampling_09_21_2023,Pepper_Variety_Trial,Pepper_Variety_Trial\Sampling_09_21_2023\R2C7\R2C7.las,09_21_2023,pv_R2C7_09_21_2023
R3C4,Sampling_09_21_2023,Pepper_Variety_Trial,Pepper_Variety_Trial\Sampling_09_21_2023\R3C4\R3C4.las,09_21_2023,pv_R3C4_09_21_2023
R3C7,Sampling_09_21_2023,Pepper_Variety_Trial,Pepper_Variety_Trial\Sampling_09_21_2023\R3C7\R3C7.las,09_21_2023,pv_R3C7_09_21_2023
R4C4,Sampling_09_21_2023,Pepper_Variety_Trial,Pepper_Variety_Trial\Sampling_09_21_2023\R4C4\R4C4.las,09_21_2023,pv_R4C4_09_21_2023
R4C7,Sampling_09_21_2023,Pepper_Variety_Trial,Pepper_Variety_Trial\Sampling_09_21_2023\R4C7\R4C7.las,09_21_2023,pv_R4C7_09_21_2023
R1C4,Sampling_10_05_2023,Pepper_Variety_Trial,Pepper_Variety_Trial\Sampling_10_05_2023\R1C4\R1C4.las,10_05_2023,pv_R1C4_10_05_2023
R1C7,Sampling_10_05_2023,Pepper_Variety_Trial,Pepper_Variety_Trial\Sampling_10_05_2023\R1C7\R1C7.las,10_05_2023,pv_R1C7_10_05_2023
R2C4,Sampling_10_05_2023,Pepper_Variety_Trial,Pepper_Variety_Trial\Sampling_10_05_2023\R2C4\R2C4.las,10_05_2023,pv_R2C4_10_05_2023
R2C7,Sampling_10_05_2023,Pepper_Variety_Trial,Pepper_Variety_Trial\Sampling_10_05_2023\R2C7\R2C7.las,10_05_2023,pv_R2C7_10_05_2023
R3C4,Sampling_10_05_2023,Pepper_Variety_Trial,Pepper_Variety_Trial\Sampling_10_05_2023\R3C4\R3C4.las,10_05_2023,pv_R3C4_10_05_2023
R3C7,Sampling_10_05_2023,Pepper_Variety_Trial,Pepper_Variety_Trial\Sampling_10_05_2023\R3C7\R3C7.las,10_05_2023,pv_R3C7_10_05_2023
R4C4,Sampling_10_05_2023,Pepper_Variety_Trial,Pepper_Variety_Trial\Sampling_10_05_2023\R4C4\R4C4.las,10_05_2023,pv_R4C4_10_05_2023
R4C7,Sampling_10_05_2023,Pepper_Variety_Trial,Pepper_Variety_Trial\Sampling_10_05_2023\R4C7\R4C7.las,10_05_2023,pv_R4C7_10_05_2023
R1C4,Sampling_10_20_2023,Pepper_Variety_Trial,Pepper_Variety_Trial\Sampling_10_20_2023\R1C4\R1C4.las,10_20_2023,pv_R1C4_10_20_2023
R1C7,Sampling_10_20_2023,Pepper_Variety_Trial,Pepper_Variety_Trial\Sampling_10_20_2023\R1C7\R1C7.las,10_20_2023,pv_R1C7_10_20_2023
R2C4,Sampling_10_20_2023,Pepper_Variety_Trial,Pepper_Variety_Trial\Sampling_10_20_2023\R2C4\R2C4.las,10_20_2023,pv_R2C4_10_20_2023
R2C7,Sampling_10_20_2023,Pepper_Variety_Trial,Pepper_Variety_Trial\Sampling_10_20_2023\R2C7\R2C7.las,10_20_2023,pv_R2C7_10_20_2023
R3C4,Sampling_10_20_2023,Pepper_Variety_Trial,Pepper_Variety_Trial\Sampling_10_20_2023\R3C4\R3C4.las,10_20_2023,pv_R3C4_10_20_2023
R3C7,Sampling_10_20_2023,Pepper_Variety_Trial,Pepper_Variety_Trial\Sampling_10_20_2023\R3C7\R3C7.las,10_20_2023,pv_R3C7_10_20_2023
R4C4,Sampling_10_20_2023,Pepper_Variety_Trial,Pepper_Variety_Trial\Sampling_10_20_2023\R4C4\R4C4.las,10_20_2023,pv_R4C4_10_20_2023
R4C7,Sampling_10_20_2023,Pepper_Variety_Trial,Pepper_Variety_Trial\Sampling_10_20_2023\R4C7\R4C7.las,10_20_2023,pv_R4C7_10_20_2023
12B41,Sampling_06_25_2023,Personal-Sized_Watermelons,Personal-Sized_Watermelons\Sampling_06_25_2023\12B41\12B41.las,06_25_2023,pw_12B41_06_25_2023
12B42,Sampling_06_25_2023,Personal-Sized_Watermelons,Personal-Sized_Watermelons\Sampling_06_25_2023\12B42\12B42.las,06_25_2023,pw_12B42_06_25_2023
12B43,Sampling_06_25_2023,Personal-Sized_Watermelons,Personal-Sized_Watermelons\Sampling_06_25_2023\12B43\12B43.las,06_25_2023,pw_12B43_06_25_2023
24C41,Sampling_06_25_2023,Personal-Sized_Watermelons,Personal-Sized_Watermelons\Sampling_06_25_2023\24C41\24C41.las,06_25_2023,pw_24C41_06_25_2023
24C42,Sampling_06_25_2023,Personal-Sized_Watermelons,Personal-Sized_Watermelons\Sampling_06_25_2023\24C42\24C42.las,06_25_2023,pw_24C42_06_25_2023
24C43,Sampling_06_25_2023,Personal-Sized_Watermelons,Personal-Sized_Watermelons\Sampling_06_25_2023\24C43\24C43.las,06_25_2023,pw_24C43_06_25_2023
35A41,Sampling_06_25_2023,Personal-Sized_Watermelons,Personal-Sized_Watermelons\Sampling_06_25_2023\35A41\35A41.las,06_25_2023,pw_35A41_06_25_2023
35A42,Sampling_06_25_2023,Personal-Sized_Watermelons,Personal-Sized_Watermelons\Sampling_06_25_2023\35A42\35A42.las,06_25_2023,pw_35A42_06_25_2023
35A43,Sampling_06_25_2023,Personal-Sized_Watermelons,Personal-Sized_Watermelons\Sampling_06_25_2023\35A43\35A43.las,06_25_2023,pw_35A43_06_25_2023
12B4,Sampling_07_06_2023,Personal-Sized_Watermelons,Personal-Sized_Watermelons\Sampling_07_06_2023\12B4\12B4.las,07_06_2023,pw_12B4_07_06_2023
24C4,Sampling_07_06_2023,Personal-Sized_Watermelons,Personal-Sized_Watermelons\Sampling_07_06_2023\24C4\24C4.las,07_06_2023,pw_24C4_07_06_2023
35A4,Sampling_07_06_2023,Personal-Sized_Watermelons,Personal-Sized_Watermelons\Sampling_07_06_2023\35A4\35A4.las,07_06_2023,pw_35A4_07_06_2023
12B4,Sampling_07_24_2023,Personal-Sized_Watermelons,Personal-Sized_Watermelons\Sampling_07_24_2023\12B4\12B4.las,07_24_2023,pw_12B4_07_24_2023
24C4,Sampling_07_24_2023,Personal-Sized_Watermelons,Personal-Sized_Watermelons\Sampling_07_24_2023\24C4\24C4.las,07_24_2023,pw_24C4_07_24_2023
35A4,Sampling_07_24_2023,Personal-Sized_Watermelons,Personal-Sized_Watermelons\Sampling_07_24_2023\35A4\35A4.las,07_24_2023,pw_35A4_07_24_2023
12B4,Sampling_08_11_2023,Personal-Sized_Watermelons,Personal-Sized_Watermelons\Sampling_08_11_2023\12B4\12B4.las,08_11_2023,pw_12B4_08_11_2023
24C4,Sampling_08_11_2023,Personal-Sized_Watermelons,Personal-Sized_Watermelons\Sampling_08_11_2023\24C4\24C4.las,08_11_2023,pw_24C4_08_11_2023
35A4,Sampling_08_11_2023,Personal-Sized_Watermelons,Personal-Sized_Watermelons\Sampling_08_11_2023\35A4\35A4.las,08_11_2023,pw_35A4_08_11_2023
22A29,Sampling_06_25_2023,Seedless_Watermelon_Variety_Trial,Seedless_Watermelon_Variety_Trial\Sampling_06_25_2023\22A29\22A29.las,06_25_2023,sw_22A29_06_25_2023
28A1,Sampling_06_25_2023,Seedless_Watermelon_Variety_Trial,Seedless_Watermelon_Variety_Trial\Sampling_06_25_2023\28A1\28A1.las,06_25_2023,sw_28A1_06_25_2023
49B29,Sampling_06_25_2023,Seedless_Watermelon_Variety_Trial,Seedless_Watermelon_Variety_Trial\Sampling_06_25_2023\49B29\49B29.las,06_25_2023,sw_49B29_06_25_2023
50B1,Sampling_06_25_2023,Seedless_Watermelon_Variety_Trial,Seedless_Watermelon_Variety_Trial\Sampling_06_25_2023\50B1\50B1.las,06_25_2023,sw_50B1_06_25_2023
72C29,Sampling_06_25_2023,Seedless_Watermelon_Variety_Trial,Seedless_Watermelon_Variety_Trial\Sampling_06_25_2023\72C29\72C29.las,06_25_2023,sw_72C29_06_25_2023
82C1,Sampling_06_25_2023,Seedless_Watermelon_Variety_Trial,Seedless_Watermelon_Variety_Trial\Sampling_06_25_2023\82C1\82C1.las,06_25_2023,sw_82C1_06_25_2023
22A29,Sampling_07_06_2023,Seedless_Watermelon_Variety_Trial,Seedless_Watermelon_Variety_Trial\Sampling_07_06_2023\22A29\22A29.las,07_06_2023,sw_22A29_07_06_2023
28A1,Sampling_07_06_2023,Seedless_Watermelon_Variety_Trial,Seedless_Watermelon_Variety_Trial\Sampling_07_06_2023\28A1\28A1.las,07_06_2023,sw_28A1_07_06_2023
49B29,Sampling_07_06_2023,Seedless_Watermelon_Variety_Trial,Seedless_Watermelon_Variety_Trial\Sampling_07_06_2023\49B29\49B29.las,07_06_2023,sw_49B29_07_06_2023
50B1,Sampling_07_06_2023,Seedless_Watermelon_Variety_Trial,Seedless_Watermelon_Variety_Trial\Sampling_07_06_2023\50B1\50B1.las,07_06_2023,sw_50B1_07_06_2023
72C29,Sampling_07_06_2023,Seedless_Watermelon_Variety_Trial,Seedless_Watermelon_Variety_Trial\Sampling_07_06_2023\72C29\72C29.las,07_06_2023,sw_72C29_07_06_2023
82C1,Sampling_07_06_2023,Seedless_Watermelon_Variety_Trial,Seedless_Watermelon_Variety_Trial\Sampling_07_06_2023\82C1\82C1.las,07_06_2023,sw_82C1_07_06_2023
22A29,Sampling_07_24_2023,Seedless_Watermelon_Variety_Trial,Seedless_Watermelon_Variety_Trial\Sampling_07_24_2023\22A29\22A29.las,07_24_2023,sw_22A29_07_24_2023
28A1,Sampling_07_24_2023,Seedless_Watermelon_Variety_Trial,Seedless_Watermelon_Variety_Trial\Sampling_07_24_2023\28A1\28A1.las,07_24_2023,sw_28A1_07_24_2023
49B29,Sampling_07_24_2023,Seedless_Watermelon_Variety_Trial,Seedless_Watermelon_Variety_Trial\Sampling_07_24_2023\49B29\49B29.las,07_24_2023,sw_49B29_07_24_2023
50B1,Sampling_07_24_2023,Seedless_Watermelon_Variety_Trial,Seedless_Watermelon_Variety_Trial\Sampling_07_24_2023\50B1\50B1.las,07_24_2023,sw_50B1_07_24_2023
72C29,Sampling_07_24_2023,Seedless_Watermelon_Variety_Trial,Seedless_Watermelon_Variety_Trial\Sampling_07_24_2023\72C29\72C29.las,07_24_2023,sw_72C29_07_24_2023
82C1,Sampling_07_24_2023,Seedless_Watermelon_Variety_Trial,Seedless_Watermelon_Variety_Trial\Sampling_07_24_2023\82C1\82C1.las,07_24_2023,sw_82C1_07_24_2023
22A29,Sampling_08_11_2023,Seedless_Watermelon_Variety_Trial,Seedless_Watermelon_Variety_Trial\Sampling_08_11_2023\22A29\22A29.las,08_11_2023,sw_22A29_08_11_2023
28A1,Sampling_08_11_2023,Seedless_Watermelon_Variety_Trial,Seedless_Watermelon_Variety_Trial\Sampling_08_11_2023\28A1\28A1.las,08_11_2023,sw_28A1_08_11_2023
49B29,Sampling_08_11_2023,Seedless_Watermelon_Variety_Trial,Seedless_Watermelon_Variety_Trial\Sampling_08_11_2023\49B29\49B29.las,08_11_2023,sw_49B29_08_11_2023
50B1,Sampling_08_11_2023,Seedless_Watermelon_Variety_Trial,Seedless_Watermelon_Variety_Trial\Sampling_08_11_2023\50B1\50B1.las,08_11_2023,sw_50B1_08_11_2023
72C29,Sampling_08_11_2023,Seedless_Watermelon_Variety_Trial,Seedless_Watermelon_Variety_Trial\Sampling_08_11_2023\72C29\72C29.las,08_11_2023,sw_72C29_08_11_2023
82C1,Sampling_08_11_2023,Seedless_Watermelon_Variety_Trial,Seedless_Watermelon_Variety_Trial\Sampling_08_11_2023\82C1\82C1.las,08_11_2023,sw_82C1_08_11_2023
10171,Sampling_06_25_2023,Tomato_Fertilizer_Trial,Tomato_Fertilizer_Trial\Sampling_06_25_2023\10171\10171.las,06_25_2023,tf_10171_06_25_2023
10172,Sampling_06_25_2023,Tomato_Fertilizer_Trial,Tomato_Fertilizer_Trial\Sampling_06_25_2023\10172\10172.las,06_25_2023,tf_10172_06_25_2023
10173,Sampling_06_25_2023,Tomato_Fertilizer_Trial,Tomato_Fertilizer_Trial\Sampling_06_25_2023\10173\10173.las,06_25_2023,tf_10173_06_25_2023
1026,Sampling_06_25_2023,Tomato_Fertilizer_Trial,Tomato_Fertilizer_Trial\Sampling_06_25_2023\1026\1026.las,06_25_2023,tf_1026_06_25_2023
1033,Sampling_06_25_2023,Tomato_Fertilizer_Trial,Tomato_Fertilizer_Trial\Sampling_06_25_2023\1033\1033.las,06_25_2023,tf_1033_06_25_2023
1042,Sampling_06_25_2023,Tomato_Fertilizer_Trial,Tomato_Fertilizer_Trial\Sampling_06_25_2023\1042\1042.las,06_25_2023,tf_1042_06_25_2023
1051,Sampling_06_25_2023,Tomato_Fertilizer_Trial,Tomato_Fertilizer_Trial\Sampling_06_25_2023\1051\1051.las,06_25_2023,tf_1051_06_25_2023
1064,Sampling_06_25_2023,Tomato_Fertilizer_Trial,Tomato_Fertilizer_Trial\Sampling_06_25_2023\1064\1064.las,06_25_2023,tf_1064_06_25_2023
1075,Sampling_06_25_2023,Tomato_Fertilizer_Trial,Tomato_Fertilizer_Trial\Sampling_06_25_2023\1075\1075.las,06_25_2023,tf_1075_06_25_2023
2016,Sampling_06_25_2023,Tomato_Fertilizer_Trial,Tomato_Fertilizer_Trial\Sampling_06_25_2023\2016\2016.las,06_25_2023,tf_2016_06_25_2023
20271,Sampling_06_25_2023,Tomato_Fertilizer_Trial,Tomato_Fertilizer_Trial\Sampling_06_25_2023\20271\20271.las,06_25_2023,tf_20271_06_25_2023
20272,Sampling_06_25_2023,Tomato_Fertilizer_Trial,Tomato_Fertilizer_Trial\Sampling_06_25_2023\20272\20272.las,06_25_2023,tf_20272_06_25_2023
20273,Sampling_06_25_2023,Tomato_Fertilizer_Trial,Tomato_Fertilizer_Trial\Sampling_06_25_2023\20273\20273.las,06_25_2023,tf_20273_06_25_2023
2035,Sampling_06_25_2023,Tomato_Fertilizer_Trial,Tomato_Fertilizer_Trial\Sampling_06_25_2023\2035\2035.las,06_25_2023,tf_2035_06_25_2023
2043,Sampling_06_25_2023,Tomato_Fertilizer_Trial,Tomato_Fertilizer_Trial\Sampling_06_25_2023\2043\2043.las,06_25_2023,tf_2043_06_25_2023
2051,Sampling_06_25_2023,Tomato_Fertilizer_Trial,Tomato_Fertilizer_Trial\Sampling_06_25_2023\2051\2051.las,06_25_2023,tf_2051_06_25_2023
2062,Sampling_06_25_2023,Tomato_Fertilizer_Trial,Tomato_Fertilizer_Trial\Sampling_06_25_2023\2062\2062.las,06_25_2023,tf_2062_06_25_2023
2074,Sampling_06_25_2023,Tomato_Fertilizer_Trial,Tomato_Fertilizer_Trial\Sampling_06_25_2023\2074\2074.las,06_25_2023,tf_2074_06_25_2023
1017,Sampling_07_07_2023,Tomato_Fertilizer_Trial,Tomato_Fertilizer_Trial\Sampling_07_07_2023\1017\1017.las,07_07_2023,tf_1017_07_07_2023
1026,Sampling_07_07_2023,Tomato_Fertilizer_Trial,Tomato_Fertilizer_Trial\Sampling_07_07_2023\1026\1026.las,07_07_2023,tf_1026_07_07_2023
1033,Sampling_07_07_2023,Tomato_Fertilizer_Trial,Tomato_Fertilizer_Trial\Sampling_07_07_2023\1033\1033.las,07_07_2023,tf_1033_07_07_2023
1042,Sampling_07_07_2023,Tomato_Fertilizer_Trial,Tomato_Fertilizer_Trial\Sampling_07_07_2023\1042\1042.las,07_07_2023,tf_1042_07_07_2023
1051,Sampling_07_07_2023,Tomato_Fertilizer_Trial,Tomato_Fertilizer_Trial\Sampling_07_07_2023\1051\1051.las,07_07_2023,tf_1051_07_07_2023
1064,Sampling_07_07_2023,Tomato_Fertilizer_Trial,Tomato_Fertilizer_Trial\Sampling_07_07_2023\1064\1064.las,07_07_2023,tf_1064_07_07_2023
1075,Sampling_07_07_2023,Tomato_Fertilizer_Trial,Tomato_Fertilizer_Trial\Sampling_07_07_2023\1075\1075.las,07_07_2023,tf_1075_07_07_2023
2016,Sampling_07_07_2023,Tomato_Fertilizer_Trial,Tomato_Fertilizer_Trial\Sampling_07_07_2023\2016\2016.las,07_07_2023,tf_2016_07_07_2023
2027,Sampling_07_07_2023,Tomato_Fertilizer_Trial,Tomato_Fertilizer_Trial\Sampling_07_07_2023\2027\2027.las,07_07_2023,tf_2027_07_07_2023
2035,Sampling_07_07_2023,Tomato_Fertilizer_Trial,Tomato_Fertilizer_Trial\Sampling_07_07_2023\2035\2035.las,07_07_2023,tf_2035_07_07_2023
2043,Sampling_07_07_2023,Tomato_Fertilizer_Trial,Tomato_Fertilizer_Trial\Sampling_07_07_2023\2043\2043.las,07_07_2023,tf_2043_07_07_2023
2051,Sampling_07_07_2023,Tomato_Fertilizer_Trial,Tomato_Fertilizer_Trial\Sampling_07_07_2023\2051\2051.las,07_07_2023,tf_2051_07_07_2023
2062,Sampling_07_07_2023,Tomato_Fertilizer_Trial,Tomato_Fertilizer_Trial\Sampling_07_07_2023\2062\2062.las,07_07_2023,tf_2062_07_07_2023
2074,Sampling_07_07_2023,Tomato_Fertilizer_Trial,Tomato_Fertilizer_Trial\Sampling_07_07_2023\2074\2074.las,07_07_2023,tf_2074_07_07_2023
1017,Sampling_07_23_2023,Tomato_Fertilizer_Trial,Tomato_Fertilizer_Trial\Sampling_07_23_2023\1017\1017.las,07_23_2023,tf_1017_07_23_2023
1026,Sampling_07_23_2023,Tomato_Fertilizer_Trial,Tomato_Fertilizer_Trial\Sampling_07_23_2023\1026\1026.las,07_23_2023,tf_1026_07_23_2023
1033,Sampling_07_23_2023,Tomato_Fertilizer_Trial,Tomato_Fertilizer_Trial\Sampling_07_23_2023\1033\1033.las,07_23_2023,tf_1033_07_23_2023
1042,Sampling_07_23_2023,Tomato_Fertilizer_Trial,Tomato_Fertilizer_Trial\Sampling_07_23_2023\1042\1042.las,07_23_2023,tf_1042_07_23_2023
1051,Sampling_07_23_2023,Tomato_Fertilizer_Trial,Tomato_Fertilizer_Trial\Sampling_07_23_2023\1051\1051.las,07_23_2023,tf_1051_07_23_2023
1064,Sampling_07_23_2023,Tomato_Fertilizer_Trial,Tomato_Fertilizer_Trial\Sampling_07_23_2023\1064\1064.las,07_23_2023,tf_1064_07_23_2023
1075,Sampling_07_23_2023,Tomato_Fertilizer_Trial,Tomato_Fertilizer_Trial\Sampling_07_23_2023\1075\1075.las,07_23_2023,tf_1075_07_23_2023
2016,Sampling_07_23_2023,Tomato_Fertilizer_Trial,Tomato_Fertilizer_Trial\Sampling_07_23_2023\2016\2016.las,07_23_2023,tf_2016_07_23_2023
2027,Sampling_07_23_2023,Tomato_Fertilizer_Trial,Tomato_Fertilizer_Trial\Sampling_07_23_2023\2027\2027.las,07_23_2023,tf_2027_07_23_2023
2035,Sampling_07_23_2023,Tomato_Fertilizer_Trial,Tomato_Fertilizer_Trial\Sampling_07_23_2023\2035\2035.las,07_23_2023,tf_2035_07_23_2023
2043,Sampling_07_23_2023,Tomato_Fertilizer_Trial,Tomato_Fertilizer_Trial\Sampling_07_23_2023\2043\2043.las,07_23_2023,tf_2043_07_23_2023
2051,Sampling_07_23_2023,Tomato_Fertilizer_Trial,Tomato_Fertilizer_Trial\Sampling_07_23_2023\2051\2051.las,07_23_2023,tf_2051_07_23_2023
2062,Sampling_07_23_2023,Tomato_Fertilizer_Trial,Tomato_Fertilizer_Trial\Sampling_07_23_2023\2062\2062.las,07_23_2023,tf_2062_07_23_2023
2074,Sampling_07_23_2023,Tomato_Fertilizer_Trial,Tomato_Fertilizer_Trial\Sampling_07_23_2023\2074\2074.las,07_23_2023,tf_2074_07_23_2023
1017,Sampling_08_10_2023,Tomato_Fertilizer_Trial,Tomato_Fertilizer_Trial\Sampling_08_10_2023\1017\1017.las,08_10_2023,tf_1017_08_10_2023
1026,Sampling_08_10_2023,Tomato_Fertilizer_Trial,Tomato_Fertilizer_Trial\Sampling_08_10_2023\1026\1026.las,08_10_2023,tf_1026_08_10_2023
1033,Sampling_08_10_2023,Tomato_Fertilizer_Trial,Tomato_Fertilizer_Trial\Sampling_08_10_2023\1033\1033.las,08_10_2023,tf_1033_08_10_2023
1042,Sampling_08_10_2023,Tomato_Fertilizer_Trial,Tomato_Fertilizer_Trial\Sampling_08_10_2023\1042\1042.las,08_10_2023,tf_1042_08_10_2023
1051,Sampling_08_10_2023,Tomato_Fertilizer_Trial,Tomato_Fertilizer_Trial\Sampling_08_10_2023\1051\1051.las,08_10_2023,tf_1051_08_10_2023
1064,Sampling_08_10_2023,Tomato_Fertilizer_Trial,Tomato_Fertilizer_Trial\Sampling_08_10_2023\1064\1064.las,08_10_2023,tf_1064_08_10_2023
1075,Sampling_08_10_2023,Tomato_Fertilizer_Trial,Tomato_Fertilizer_Trial\Sampling_08_10_2023\1075\1075.las,08_10_2023,tf_1075_08_10_2023
2016,Sampling_08_10_2023,Tomato_Fertilizer_Trial,Tomato_Fertilizer_Trial\Sampling_08_10_2023\2016\2016.las,08_10_2023,tf_2016_08_10_2023
2027,Sampling_08_10_2023,Tomato_Fertilizer_Trial,Tomato_Fertilizer_Trial\Sampling_08_10_2023\2027\2027.las,08_10_2023,tf_2027_08_10_2023
2035,Sampling_08_10_2023,Tomato_Fertilizer_Trial,Tomato_Fertilizer_Trial\Sampling_08_10_2023\2035\2035.las,08_10_2023,tf_2035_08_10_2023
2043,Sampling_08_10_2023,Tomato_Fertilizer_Trial,Tomato_Fertilizer_Trial\Sampling_08_10_2023\2043\2043.las,08_10_2023,tf_2043_08_10_2023
2051,Sampling_08_10_2023,Tomato_Fertilizer_Trial,Tomato_Fertilizer_Trial\Sampling_08_10_2023\2051\2051.las,08_10_2023,tf_2051_08_10_2023
2062,Sampling_08_10_2023,Tomato_Fertilizer_Trial,Tomato_Fertilizer_Trial\Sampling_08_10_2023\2062\2062.las,08_10_2023,tf_2062_08_10_2023
2074,Sampling_08_10_2023,Tomato_Fertilizer_Trial,Tomato_Fertilizer_Trial\Sampling_08_10_2023\2074\2074.las,08_10_2023,tf_2074_08_10_2023
1017,Sampling_08_24_2023,Tomato_Fertilizer_Trial,Tomato_Fertilizer_Trial\Sampling_08_24_2023\1017\1017.las,08_24_2023,tf_1017_08_24_2023
1026,Sampling_08_24_2023,Tomato_Fertilizer_Trial,Tomato_Fertilizer_Trial\Sampling_08_24_2023\1026\1026.las,08_24_2023,tf_1026_08_24_2023
1033,Sampling_08_24_2023,Tomato_Fertilizer_Trial,Tomato_Fertilizer_Trial\Sampling_08_24_2023\1033\1033.las,08_24_2023,tf_1033_08_24_2023
1042,Sampling_08_24_2023,Tomato_Fertilizer_Trial,Tomato_Fertilizer_Trial\Sampling_08_24_2023\1042\1042.las,08_24_2023,tf_1042_08_24_2023
1051,Sampling_08_24_2023,Tomato_Fertilizer_Trial,Tomato_Fertilizer_Trial\Sampling_08_24_2023\1051\1051.las,08_24_2023,tf_1051_08_24_2023
1064,Sampling_08_24_2023,Tomato_Fertilizer_Trial,Tomato_Fertilizer_Trial\Sampling_08_24_2023\1064\1064.las,08_24_2023,tf_1064_08_24_2023
1075,Sampling_08_24_2023,Tomato_Fertilizer_Trial,Tomato_Fertilizer_Trial\Sampling_08_24_2023\1075\1075.las,08_24_2023,tf_1075_08_24_2023
2016,Sampling_08_24_2023,Tomato_Fertilizer_Trial,Tomato_Fertilizer_Trial\Sampling_08_24_2023\2016\2016.las,08_24_2023,tf_2016_08_24_2023
2027,Sampling_08_24_2023,Tomato_Fertilizer_Trial,Tomato_Fertilizer_Trial\Sampling_08_24_2023\2027\2027.las,08_24_2023,tf_2027_08_24_2023
2035,Sampling_08_24_2023,Tomato_Fertilizer_Trial,Tomato_Fertilizer_Trial\Sampling_08_24_2023\2035\2035.las,08_24_2023,tf_2035_08_24_2023
2043,Sampling_08_24_2023,Tomato_Fertilizer_Trial,Tomato_Fertilizer_Trial\Sampling_08_24_2023\2043\2043.las,08_24_2023,tf_2043_08_24_2023
2051,Sampling_08_24_2023,Tomato_Fertilizer_Trial,Tomato_Fertilizer_Trial\Sampling_08_24_2023\2051\2051.las,08_24_2023,tf_2051_08_24_2023
2062,Sampling_08_24_2023,Tomato_Fertilizer_Trial,Tomato_Fertilizer_Trial\Sampling_08_24_2023\2062\2062.las,08_24_2023,tf_2062_08_24_2023
2074,Sampling_08_24_2023,Tomato_Fertilizer_Trial,Tomato_Fertilizer_Trial\Sampling_08_24_2023\2074\2074.las,08_24_2023,tf_2074_08_24_2023
Big_Beef,Sampling_Day_Zero,Transplant-Age_Plants,Transplant-Age_Plants\Sampling_Day_Zero\Big_Beef\Big_Beef.las,Day_Zero,ta_Big_Beef_Day_Zero
German_Johnson,Sampling_Day_Zero,Transplant-Age_Plants,Transplant-Age_Plants\Sampling_Day_Zero\German_Johnson\German_Johnson.las,Day_Zero,ta_German_Johnson_Day_Zero
Mambo,Sampling_Day_Zero,Transplant-Age_Plants,Transplant-Age_Plants\Sampling_Day_Zero\Mambo\Mambo.las,Day_Zero,ta_Mambo_Day_Zero
Red_Deuce,Sampling_Day_Zero,Transplant-Age_Plants,Transplant-Age_Plants\Sampling_Day_Zero\Red_Deuce\Red_Deuce.las,Day_Zero,ta_Red_Deuce_Day_Zero
Sugar_Baby,Sampling_Day_Zero,Transplant-Age_Plants,Transplant-Age_Plants\Sampling_Day_Zero\Sugar_Baby\Sugar_Baby.las,Day_Zero,ta_Sugar_Baby_Day_Zero
